DAY_OF_WEEK,total_calls,calls_handled,calls_missed_raw,satisfied,calls_within_sla,miss_rate,satisfaction_rate,sla_rate
Monday,684493.5,662386.5,22107.0,272608,603161.3800394702,3.2296873527652195,41.15542813749978,88.11791200931349
Tuesday,628299.0,606333.0,21966.0,223558,552041.2021947148,3.496106153280524,36.870498554424714,87.86281725654742
Wednesday,634272.0,616213.5,18058.5,238507,556709.3826781063,2.8471223702134103,38.70525394201847,87.77139502896333
Thursday,677407.5,653925.0,23482.5,257214,597093.2762491554,3.466524949900909,39.33386856290859,88.14388329759494
Friday,721254.0,698647.5,22606.5,255347,633838.523842796,3.1343327038740862,36.548760283261586,87.88007052200695
Saturday,728715.0,702568.5,26146.5,279605,642342.2285778896,3.5880282414935882,39.797542873043696,88.14724941546278
Sunday,730203.0,705399.0,24804.0,249312,642788.5961016518,3.3968636118997044,35.34340139410461,88.02875311408633
