IS OUTAGE ?,calls_within_sla,total_calls,sla_rate
False,3586320.556459789,4069143.0,88.13454224783422
True,641654.0332239949,735501.0,87.24040255879936
