MONTH,MONTH_NAME,share,forecast_calls
1,January,0.3600388611024011,535812.0508999943
2,February,0.3493345807267437,519881.8749075249
3,March,0.2906265581708552,432512.2341036478
