MONTH,MONTH_NAME,share,forecast_calls
4,April,0.3096166585627715,304416.6918750579
5,May,0.35367302251359983,347733.13560974045
6,June,0.3367103189236287,331055.31815609947
