VENDOR_COMPANY,calls_handled,percent_of_handled
Vendor A,2725531.5,58.670699409941676
Vendor B,1919941.5,41.329300590058324
