VENDOR_COMPANY,satisfied,calls_handled,satisfaction_rate
Vendor A,1017772,2725531.5,37.342147760904616
Vendor B,758379,1919941.5,39.50010976896952
