VENDOR_COMPANY,calls_handled,calls_missed_raw,satisfied,calls_within_sla,total_calls,satisfaction_rate,sla_rate
Vendor A,2725531.5,101697.0,1017772,2558860.5924254735,2827228.5,37.342147760904616,90.50773902517867
Vendor B,1919941.5,57474.0,758379,1669113.9972583104,1977415.5,39.50010976896952,84.40886587863352
