VENDOR_COMPANY,calls_within_sla,total_calls,sla_rate
Vendor A,2558860.5924254735,2827228.5,90.50773902517867
Vendor B,1669113.9972583104,1977415.5,84.40886587863352
